,losses,test_accuracy
0,0.227931648,92.55
1,0.058982424,95.58
2,0.020604787,91.79
3,0.080672108,94.4
4,0.002481167,95.25
