,losses,test_accuracy
0,0.2279316484928131,95.25270758122744
1,0.058982424437999725,95.25270758122744
2,0.02060478739440441,95.25270758122744
3,0.08067210763692856,95.25270758122744
4,0.0024811672046780586,95.25270758122744
